,x,y
0,"–ö—É–ø–ª—é –∫–≤–∞—Ä—Ç–∏—Ä—É –æ—Ç —Å–æ–±—Å—Ç–≤–µ–Ω–Ω–∏–∫–∞ 1+1. –ú–∞—Ö–º—É—Ç–ª–∞—Ä, –û–±–∞, –ö–µ—Å—Ç–µ–ª—å, –ö–∞—Ä–≥–≤–¥–∂–∞–∫.",1
1,"–î–æ–±—Ä—ã–π –¥–µ–Ω—å! –ò—â—É —Å–æ—Å–µ–¥–∫—É –ø–æ –∫–≤–∞—Ä—Ç–∏—Ä–µ, –≤ –ê–ª–∞–Ω–∏–∏, –≤ –∫–≤–∞—Ä—Ç–∏—Ä–µ 2+1. –ü–æ–¥—Ä–æ–±–Ω–æ—Å—Ç–∏ –≤ –ª–∏—á–∫—É",0
2,"–ò—â—É —Å–æ—Å–µ–¥–∫—É –≤ –∫–≤–∞—Ä—Ç–∏—Ä—É 2+1 –≤ –ê–ª–∞–Ω–∏–∏. –†—è–¥–æ–º –æ—Å—Ç–∞–Ω–æ–≤–∫–∞, —Å—É–ø–µ—Ä–º–∞—Ä–∫–µ—Ç, –º–æ—Ä–µ 50 –º. 5 —ç—Ç–∞–∂, –ª–∏—Ñ—Ç –µ—Å—Ç—å, —Å–≤–æ–π –≤—ã—Ö–æ–¥ –Ω–∞ –±–∞–ª–∫–æ–Ω. –§–æ—Ç–æ –∏ –ø–æ–¥—Ä–æ–±–Ω–µ–µ –Ω–∞–ø–∏—à—É –≤ –ª–∏—á–∫—É",0
3,"–ó–¥—Ä–∞–≤—Å—Ç–≤—É–π—Ç–µ! 
–ï—Å—Ç—å —â–µ–Ω–∫–∏ –∫–∞–≤–∞–ª–µ—Ä –∫–∏–Ω–≥ –ß–∞—Ä–ª—å–∑ —Å–ø–∞–Ω–∏–µ–ª—å –æ—Ç –ø–æ—Ä–æ–¥–∏—Å—Ç—ã—Ö —Ä–æ–¥–∏—Ç–µ–ª–µ–π. –ò—â—É—Ç –∑–∞–±–æ—Ç–ª–∏–≤—É—é —Å–µ–º—å—é. 
3 –º–∞–ª—å—á–∏–∫–∞ 1 –¥–µ–≤–æ—á–∫–∞
–ï—Å–ª–∏ —Ö–æ—Ç–∏—Ç–µ —É–∑–Ω–∞—Ç—å –ø–æ–¥—Ä–æ–±–Ω–æ—Å—Ç–∏ –ø–∏—à–∏—Ç–µ –≤ –õ–°.",0
4,"–ò—â—É —Å–æ—Å–µ–¥–∫—É –ø–æ –∫–≤–∞—Ä—Ç–∏—Ä–µ.
2+1 –≤ —Ü–µ–Ω—Ç—Ä–µ –ê–ª–∞–Ω–∏–∏
–ü–æ–¥—Ä–æ–±–Ω–µ–µ –ø–∏—à–∏—Ç–µ –≤ –ª–∏—á–∫—É",0
5,"‚ñ∂Ô∏è –ò—â—É –∫–≤–∞—Ä—Ç–∏—Ä—É –Ω–∞ –¥–ª–∏—Ç–µ–ª—å–Ω—ã–π —Å—Ä–æ–∫ 

–ú–∞—Ö–º—É—Ç–ª–∞—Ä / –ê–ª–∞–Ω–∏—è 

–û—Ç 2+1 

–ü—Ä–µ–¥–ª–æ–∂–µ–Ω–∏—è –≤ –ª–∏—á–∫—É",1
6,#—Å–Ω–∏–º—É –∫–æ–Ω–µ—Ü /—Å–µ—Ä–µ–¥–∏–Ω–∞ –ú–∞—Ö–º—É—Ç–ª–∞—Ä–∞ –Ω–∞ –∞–ø—Ä–µ–ª—å –∏ –º–∞–π (–≤–æ–∑–º–æ–∂–Ω–æ –¥–æ–ª—å—à–µ) 1+1 –¥–æ 300$. –ë—É–¥—É –∂–∏—Ç—å –æ–¥–Ω–∞. –ë–µ–∑ –∫–æ–º–∏—Å—Å–∏–∏.,1
7,–û—Ç —Å–µ—Ä–µ–¥–∏–Ω—ã —Å–µ–Ω—Ç—è–±—Ä—è –∏ –¥–æ –∫–æ–Ω—Ü–∞ –æ–∫—Ç—è–±—Ä—è,1
8,–ö—Ç–æ-–Ω–∏–±—É–¥—å —Å–¥–∞–µ—Ç –∫–≤–∞—Ä—Ç–∏—Ä—É 2+1 –∏–ª–∏ 1+1 –Ω–∞ 20 –¥–Ω–µ–π?,1
9,–ò—â—É –∫–≤–∞—Ä—Ç–∏—Ä—É –∏–ª–∏ –∫–æ–º–Ω–∞—Ç—É –≤ –∞—Ä–µ–Ω–¥—É —Å —Å–µ—Ä–µ–¥–∏–Ω—ã —Å–µ–Ω—Ç—è–±—Ä—è –¥–æ 500‚Ç¨ (–æ—Ç –ö–ª–µ–æ–ø–∞—Ç—Ä—ã –¥–æ –∫—ã—Ä–≥—ã–¥–∂–∞–∫–∞),1
10,"–°—Ä–æ—á–Ω–æ –∏—â—É –Ω—è–Ω—é –Ω–∞ –ø—Ä—è–º–æ —Å–µ–π—á–∞—Å, –º–∞—Ö–º—É—Ç–ª–∞—Ä",0
11,"–ò—â—É —Ñ–æ—Ç–æ–≥—Ä–≤—Ñ–∞ –Ω–∞ –∑–∞–≤—Ç—Ä–∞ –Ω–∞ —á–∞—Å, —Å 19 –¥–æ 20 –Ω–∞ –ø–ª—è–∂–Ω—ã–π —Ñ–æ—Ç–æ—Å–µ—Ç —Å–µ–º–µ–π–Ω—ã–π",0
12,05346387569,1
13,–í—Å–µ–º –ø—Ä–∏–≤–µ—Ç –Ω—É–∂–Ω–∞ –∫–≤–∞—Ä—Ç–∏—Ä–∞ –∏–ª–∏ –¥–æ–º –Ω–∞ 1 –º–µ—Å. –°–µ–º—å—è —Å 4 –¥–µ—Ç—å–º–∏. –ù–∞–ø–∏—à–∏—Ç–µ –ø–æ–∂–∞–ª—É–π—Å—Ç–∞ –≤ –ª–∏—á–∫—É,1
14,"–°–Ω–∏–º—É –∫–≤–∞—Ä—Ç–∏—Ä—É –Ω–∞ –∏—é–ª—å , —Ü–µ–Ω–∞ –¥–æ 650 –ï–≤—Ä–æ.¬† –ö–≤–∞—Ä—Ç–∏—Ä–æ—Å—ä—ë–º—â–∏–∫ -¬† –æ–±—Ä–∞–∑—Ü–æ–≤—ã–π , –Ω–µ –∫—É—Ä–∏–º –Ω–µ –ø—å–µ–º. –ù—É–∂–µ–Ω —Å—Ç–∞–±–∏–ª—å–Ω—ã–π –∏–Ω—Ç–µ—Ä–Ω–µ—Ç , —É–¥–∞–ª–µ–Ω–Ω–æ—Å—Ç—å –æ—Ç –º–æ—Ä—è –Ω–µ –∏–º–µ–µ—Ç –∑–Ω–∞—á–µ–Ω–∏—è",1
15,"–ò—â—É c–æ—Å–µ–¥–∞ –Ω–∞ –ø–æ–¥—Å–µ–ª–µ–Ω–∏–µ –≤ –∫–≤–∞—Ä—Ç–∏—Ä—É, –æ—Ç–¥–µ–ª—å–Ω–∞—è –∫–æ–º–Ω–∞—Ç–∞ –≤ —Ü–µ–Ω—Ç—Ä–µ M–∞—Ö–º—É—Ç–ª–∞—Ä–∞, –ê–ª–∞–Ω—å—è. P–∞–π–æ–Ω —á–∞—Å–æ–≤. 200 –º–µ—Ç—Ä–æ–≤ –¥–æ –º–æ—Ä—è. 300 ‚Ç¨ –≤ –º–µ—Å—è—Ü. –°—Ä–æ—á–Ω–æ.",0
16,"–î–æ—Ä–æ–≥–∏–µ –¥—Ä—É–∑—å—è! –í–Ω–∏–º–∞–Ω–∏–µ –∞—Ñ–µ—Ä–∏—Å—Ç—ã –º–æ—à–µ–Ω–Ω–∏–∫–∏! –ú—ã –æ–±–æ–∂–≥–ª–∏—Å—å!!!‚ùå üÜò –í –ê–ª–∞–Ω—å–µ —Ä–∞–±–æ—Ç–∞–µ—Ç –±—Ä–∏–≥–∞–¥–∞ —Ä—É—Å—Å–∫–æ—è–∑—ã—á–Ω—ã—Ö —Ä–µ–º–æ–Ω—Ç–Ω–∏–∫–æ–≤ –∞—Ñ–µ—Ä–∏—Å—Ç–æ–≤, –±–µ—Ä—É—Ç –∞–≤–∞–Ω—Å, –∞ –ø–æ—Ç–æ–º –Ω–∞—á–∏–Ω–∞—é—Ç —Ç—è–Ω—É—Ç—å –∏–∑ –≤–∞—Å –¥–µ–Ω—å–≥–∏ –∏ –≤—Ä–µ–º—è... –ö–∞—á–µ—Å—Ç–≤–æ —Ä–µ–º–æ–Ω—Ç–Ω—ã—Ö —Ä–∞–±–æ—Ç —Ç–∞–∫–æ–µ –Ω–∏–∑–∫–æ–µ, —á—Ç–æ –ø–æ—Ç–æ–º –Ω–∏ –æ–¥–∏–Ω —Ç—É—Ä–µ—Ü–∫–∏–π –º–∞—Å—Ç–µ—Ä –Ω–µ –±–µ—Ä–µ—Ç—Å—è –∏—Å–ø—Ä–∞–≤–ª—è—Ç—åüôàü§Ø! –ü—Ä–æ—Ä–∞–± –ø—Ä–µ–¥–æ—Å—Ç–∞–≤–ª—è–µ—Ç—Å—è - –†—É—Å—Ç–∞–º –ò–¥—Ä–∏—Å –∂–∏–≤—ë—Ç –≤ –¢–æ—Å–º—É—Ä–µ (–≤—ã—Å–æ–∫–∏–π, –ø–ª–æ—Ç–Ω–æ–≥–æ —Ç–µ–ª–æ—Å–ª–æ–∂–µ–Ω–∏—è, –≤ –≥–ª—É–±–æ–∫–æ–ø–æ—Å–∞–∂–µ–Ω–Ω—ã–º–∏ –∫–∞—Ä–∏–º–∏ –≥–ª–∞–∑–∞–º–∏, —Å –≤–∏–¥—É –ø–æ—Ö–æ–∂ –Ω–∞ –≤—ã—Ö–æ–¥—Ü–∞ –∏–∑ –ö–∞–≤–∫–∞–∑–∞, –Ω–æ –≥–æ–≤–æ—Ä–∏—Ç, —á—Ç–æ –∏–∑ –£–∑–±–µ–∫–∏—Å—Ç–∞–Ω–∞) –µ–∑–¥–∏—Ç–µ –Ω–∞ –±–µ–ª–æ–º –¥–∂–∏–ø–µ, —Å –Ω–∏–º –±—ã–≤–∞–µ—Ç –µ—â—ë –Ω–µ—Å–∫–æ–ª—å–∫–æ —Ä—É—Å—Å–∫–æ—è–∑—ã—á–Ω—ã—Ö —Ä–µ–º–æ–Ω—Ç–Ω–∏–∫–æ–≤ –∏–∑ –£–∫—Ä–∞–∏–Ω—ã (–¢–æ–ª–∏–∫, –î–∏–º–∞)¬† –∏ –ö–∞–∑–∞—Ö—Å—Ç–∞–Ω–∞ (–î–∞–Ω–∏—è—Ä), –∫–æ—Ç–æ—Ä—ã–µ –Ω–∞–∫–ª–µ–∏–≤–∞—é—Ç –ø—Ä–∏—Å—Ç–µ–Ω–Ω—ã–µ –ø–ª–∏–Ω—Ç—É—Å—ã –Ω–∞ –ø–æ—Ç–æ–ª–æ–∫, —Å–æ–±–∏—Ä–∞—é—Ç –∫—Ä–∏–≤—ã–µ —Å—Ç–µ–Ω—ã, –∞ –ø–æ—Ç–æ–º —Å–ø—Ä–∞—à–∏–≤–∞—é—Ç, –∞ —á—Ç–æ –Ω–µ —Ç–∞–∫ –±—ã–ª–æ?! –ó–∞–ª–∏–ª–∏ –¥–≤–∞–∂–¥—ã –º–æ–∏—Ö —Å–æ—Å–µ–¥–µ–π —ç—Ç–æ–∂–æ–º –Ω–∏–∂–µ –∏ —Å–ª–æ–º–∞–ª–∏ –∏–º –ø–æ—Ç–æ–ª–æ–∫, —É—â–µ—Ä–± –Ω–µ –≤–æ–∑–º–µ—Å—Ç–∏–ª–∏ –∏ –Ω–∏—á–µ–≥–æ –Ω–µ –∏—Å–ø—Ä–∞–≤–∏–ª–∏! –í—Å—ë –±—Ä–æ—Å–∏–ª–∏ –∏ —É—à–ª–∏ —Å–ø—É—Å—Ç—è 4 –º–µ—Å—è—Ü–∞, —Ö–æ—Ç—è –æ–±–µ—â–∞–ª–∏ –≤–æ—Å—Å—Ç–∞–Ω–æ–≤–∏—Ç—å –∫–≤–∞—Ä—Ç–∏—Ä—É —Å–æ—Å–µ–¥–µ–π ü§Ø –¢–∞–∫–æ–π ""–∞—Ç—Ç—Ä–∞–∫—Ü–∏–æ–Ω"" –æ–±–æ—à—ë–ª—Å—è –º–Ω–µ 208 400 —Ç—É—Ä–µ—Ü–∫–∏—Ö –ª–∏—Ä, —Ä–∞–∑–±–∏—Ç–∞—è –≤–¥—Ä—ã–∑–≥ –∫–≤–∞—Ä—Ç–∏—Ä–∞ –∏ –∫—É—á–∞ –ø–µ—Ä–µ–¥–µ–ª–æ–∫ –Ω–µ—Ä–≤–æ–≤ –∏ –¥–µ–Ω–µ–≥!!! –û–±—Ä–∞—â–∞–π—Ç–µ—Å—å –∫ –ø—Ä–æ—Ñ–µ—Å—Å–∏–æ–Ω–∞–ª–∞–º —Ç—É—Ä–∫–∞–º, –∑–¥–µ—Å—å –µ—Å—Ç—å –Ω–µ—Å–∫–æ–ª—å–∫–æ –ø–æ—Ä—è–¥–æ—á–Ω—ã—Ö —Ç—É—Ä–µ—Ü–∫–∏—Ö –±—Ä–∏–≥–∞–¥, —É –∫–æ—Ç–æ—Ä—ã—Ö —Ö–æ—Ç—è –±—ã –∏–Ω—Å—Ç—Ä—É–º–µ–Ω—Ç—ã –µ—Å—Ç—å –≤ –Ω–∞–ª–∏—á–∏–∏. (–≠—Ç–∏ –≤—Å—Ç–∞–≤–∞–ª–∏ –Ω–∞ –º–æ—é –¥—É—Ö–æ–≤–∫—É –≤ –∫–∞—á–µ—Å—Ç–≤–µ —Å—Ç—Ä–µ–º—è–Ω–∫–∏ –∏ –ø—Ä–æ–º—è–ª–∏ –µ–µ) –∏ –¥–∞–∂–µ –ø—Ä–∞–≤–ò–ª–æ —É –Ω–∏—Ö –±—ã–ª–æ –∫—Ä–∏–≤—ã–º! üôàü§£ –ù–µ –≥–æ–Ω–∏—Ç–µ—Å—å, –∫–∞–∫ —è, –∑–∞ —Ä—É—Å—Å–∫–æ—è–∑—ã—á–Ω—ã–º–∏ –º–∞—Å—Ç–µ—Ä–∞–º–∏, –≤ –Ω–∞–¥–µ–∂–¥–µ, —á—Ç–æ –æ–Ω–∏ –≤–∞—Å –ø–æ–π–º—É—Ç –∏ –æ–±–º–∞–Ω—É—Ç... –ú—ã –æ—Å—Ç–∞–ª–∏—Å—å –≤ –æ—Ç–µ–ª–µ –±–µ–∑ —Ä–µ–º–æ–Ω—Ç–∞ –∏ –±–µ–∑ –¥–µ–Ω–µ–≥!!! üòû",0
17,"–ó–¥—Ä–∞–≤—Å—Ç–≤—É–π—Ç–µ ! –ï—Å—Ç—å –ª–∏ –Ω–∞ –∑–∞–≤—Ç—Ä–∞ –ª—é–¥–∏ –Ω–∞ –º–∞—à–∏–Ω–µ , –∫–æ—Ç–æ—Ä—ã–µ –µ–¥—É—Ç –≤ –∞—ç—Ä–æ–ø–æ—Ä—Ç –≥–∞–∑–∏–ø–∞—à–∞ –∫ 13:00 –∏–ª–∏ —á—É—Ç—å —Ä–∞–Ω—å—à–µ  –∏–∑ –ú–∞—Ö–º—É—Ç–ª–∞—Ä–∞ –∏ –µ—Å—Ç—å –≤ –Ω–∞–ª–∏—á–∏–∏  –æ–¥–Ω–æ —Å–≤–æ–±–æ–¥–Ω–æ–µ  –º–µ—Å—Ç–æ ? –ï—Å–ª–∏ –¥–∞ , —Ç–æ –Ω–∞–ø–∏—à–∏—Ç–µ –ø–æ–∂–∞–ª—É–π—Å—Ç–∞ –≤ –õ–° !",0
